input,response
"Descreva as características geográficas e a população de Bragança (Pará) conforme a introdução do artigo.","Bragança é um município brasileiro situado no estado do Pará, especificamente na Região Norte do Brasil. Sua localização geográfica é definida pela latitude 01°03'13"" sul e longitude 46°45'56"" oeste. O município faz parte da Região Geográfica Bragantina. De acordo com as estimativas do IBGE para o ano de 2021, Bragança possuía uma população de 130.122 habitantes, consolidando-se como um centro populacional relevante na região."
"Explique as diferentes versões sobre a fundação e origem de Bragança (Pará) mencionadas no texto.","Existem pelo menos duas narrativas principais sobre as origens de Bragança. Uma delas, baseada em memórias construídas, remonta a 1613, com a passagem de uma expedição francesa liderada por Daniel de La Touche, vinda de São Luís (MA), pela bacia do rio Caeté, habitada pelos Tupinambá; no entanto, essa versão é considerada controversa. Outra versão fundadora, documentada historicamente, aponta para a doação de uma capitania particular pelo rei de Portugal à família Souza em 9 de fevereiro de 1622. Posteriormente, em 1627, no contexto da Capitania do Grão-Pará, foi fundada a povoação de Vera Cruz em Viseu. Em 1634, Álvaro de Souza fundou a Vila Souza do Caeté. Finalmente, em 1753, Francisco Xavier de Mendonça Furtado fundou a vila de Bragança, que foi instalada em 1754 e elevada a município apenas em 1854 por decreto imperial."
"Qual foi o papel da arqueologia em contrapor a visão eurocêntrica sobre a história da Amazônia, segundo o texto sobre Bragança?","Por muito tempo, prevaleceu uma visão eurocêntrica de que a Amazônia só passou a ter história a partir do contato com os europeus e o início da colonização. A arqueologia tem sido fundamental para desconstruir essa ideia, comprovando a existência de ocupação humana e sociedades complexas na região muito antes da chegada dos colonizadores. Achados arqueológicos, como os da Caverna da Pedra Pintada, demonstram que o território amazônico já era habitado por povos indígenas há mais de 11 mil anos, indicando uma antiguidade significativa e uma história pré-colonial rica, contrariando a noção de uma Amazônia sem história antes dos europeus."
"Descreva as características das sociedades amazônicas pré-coloniais, incluindo suas práticas e organização social, com base nas informações arqueológicas citadas.","Os estudos arqueológicos revelam que as sociedades amazônicas pré-coloniais eram diversificadas e adaptadas ao ambiente. Desde 3000 a.C., povos agricultores em regiões como Santarém e Marajó já habitavam cabanas ou casas subterrâneas, dominavam o plantio de mandioca, conheciam a cerâmica, praticavam a medicina natural e utilizavam a técnica da coivara para limpar a terra. As dinâmicas de povoamento levaram ao desenvolvimento de estratégias complexas de manejo de plantas e animais. Com o aumento demográfico, essas sociedades passaram a se organizar de forma mais elaborada, especialmente entre 1000 a.C. e 1000 d.C., formando o que os arqueólogos definem como 'Cacicados Complexos', caracterizados por uma maior hierarquia social e organização política."
"Como o texto descreve o impacto da chegada dos europeus sobre as populações indígenas na região de Bragança?","O início da ocupação europeia na região de Bragança foi marcado por um impacto devastador sobre as populações indígenas locais, principalmente os Tupinambás. Eles foram consideravelmente aniquilados devido a múltiplos fatores: os conflitos entre as potências coloniais (franceses e holandeses) que disputavam o território, e, crucialmente, pelas enfermidades trazidas pelos europeus, para as quais os indígenas não tinham imunidade. Além disso, os indígenas sobreviventes foram frequentemente deslocados e submetidos a trabalhos obrigatórios para os colonizadores, resultando em uma drástica redução populacional que afetou até mesmo os planos de povoamento da capitania."
"Explique a relação entre a arquitetura colonial de Bragança e a influência portuguesa, citando exemplos específicos.","A arquitetura de Bragança reflete fortemente a influência da colonização portuguesa, compartilhando características com outras cidades históricas do Pará como Viseu e Cametá. Os casarões e edifícios centenários exibem elementos tipicamente europeus, como grandes janelas e o uso de revestimento em azulejos, que remontam ao período colonial. Exemplos notáveis incluem a Igreja de São Benedito, construída a partir de 1720 com mão de obra indígena, que apresenta aspectos barrocos comuns em templos católicos portugueses da época. Outros edifícios como o Palácio Episcopal, construído por jesuítas, e o Instituto Santa Teresinha, fundado por Dom Eliseu, também carregam essa herança colonial e características lusitanas em sua estrutura."
"Quais são os principais atrativos turísticos de Bragança (Pará) mencionados no texto?","Bragança é um destino turístico procurado no Pará, especialmente durante as férias escolares de julho. Seus principais atrativos incluem uma grande quantidade de balneários e igarapés. Destaca-se a famosa Praia de Ajuruteua, conhecida por ser uma das mais extensas do estado e por apresentar uma vasta faixa de areia durante a maré baixa. Outros locais de interesse turístico que atraem visitantes são a Vila dos Pescadores, a praia do Pilão, a Praia Chavascal e a Ilha do Canela, oferecendo diversas opções de lazer e contato com a natureza e a cultura local."
"Descreva a origem e a importância de Guilherme Schüch, o Barão de Capanema, para o município de Capanema (Pará).","Guilherme Schüch, posteriormente reconhecido como Barão de Capanema, foi uma figura central para o município que hoje leva seu nome. Nascido em Ouro Preto em 1824, ele era militar, naturalista, engenheiro e físico, tendo inclusive integrado a comitiva da Imperatriz Maria Leopoldina. Sua importância para Capanema deriva diretamente de seu trabalho na construção da rede telegráfica na região, por volta de 1910. Foi durante essa empreitada que o antigo povoado de Quatipuru (anteriormente parte de Bragança) recebeu o nome Capanema em sua homenagem. O rio local também foi nomeado Capanema, pois era onde Schüch e sua equipe descansavam. Ele fundou o Telegrapho Nacional em 1852, sendo pioneiro na instalação das redes telegráficas no norte do Brasil."
"Como a Estrada de Ferro de Bragança influenciou o desenvolvimento de Capanema e qual foi seu destino?","A chegada da Estrada de Ferro de Bragança em 1907 representou um grande impulso para o desenvolvimento econômico de Capanema. A ferrovia cumpria um papel vital ao escoar a produção agrícola local, ligando o município aos portos da capital, Belém, e à cidade vizinha de Bragança. Além do transporte de cargas, a ferrovia também era utilizada para o transporte local de passageiros. No entanto, essa fase de desenvolvimento ligada à ferrovia teve um fim: ela foi desativada em dezembro de 1964 e oficialmente extinta no ano seguinte, em 1965, marcando o fim de uma era importante para a logística e economia da região."
"Explique a evolução administrativa de Capanema, incluindo as mudanças de nome e subordinação.","A trajetória administrativa de Capanema é marcada por diversas mudanças. Originalmente chamado Quatipuru e pertencente a Bragança, tornou-se município em 1879 (Lei Provincial nº 934). Em 1902, foi criado o distrito de Capanema (Lei Municipal nº 832), ainda subordinado a Quatipuru. O nome da sede municipal alternou entre Quatipuru e Siqueira Campos (1908-1910). Em 1911, o distrito de Capanema foi vinculado ao município de Mirasselvas. A sede voltou a chamar-se Siqueira Campos em 1930, mas em 1938, o topônimo foi definitivamente mudado para Capanema. A Revolução de 1930 também trouxe reflexos políticos para a administração local."
"Descreva a importância de Castanhal como polo econômico e industrial na Região Nordeste do Pará.","Castanhal se destaca como o município mais desenvolvido da Região Nordeste do Pará e apresenta o crescimento mais acelerado nas áreas de indústria e comércio. Sua principal atividade econômica é o comércio, abastecendo cidades vizinhas com utensílios, alimentos, ferramentas e materiais de construção. Além disso, possui um polo industrial diversificado, com produção de calçados, têxteis, metalmecânica, alimentos, pré-moldados, material elétrico e vestuário. O poder público tem investido na implantação de um grande polo industrial às margens da PA-10, visando transformar a área em um dos maiores centros industriais do Norte do Brasil, oferecendo infraestrutura e incentivos fiscais para atrair empresas."
"Quais foram os dois eventos marcantes na história da emancipação política de Castanhal?","A emancipação política de Castanhal ocorreu em dois momentos importantes. O primeiro foi em 1º de novembro de 1905, quando a então Vila de Castanhal foi desmembrada de seu município original e anexada ao patrimônio municipal de Belém, através da Lei nº 957. O segundo, e definitivo, ocorreu em 28 de janeiro de 1932. Neste dia, o interventor do Estado do Pará, Magalhães Barata, por meio do decreto de Lei nº 600, criou oficialmente o município de Castanhal, separando-o do recém-criado município de Santa Izabel (ao qual tinha sido incorporado brevemente em 1931) e reconhecendo seu ""destacado e notável desenvolvimento econômico""."
"Descreva o papel histórico dos judeus sefarditas e dos quilombos na formação de Cametá.","A formação histórica de Cametá foi influenciada por diferentes grupos. Os judeus sefarditas, expulsos de Portugal no final do século XV e início do XVI, tiveram um papel importante no desenvolvimento da cidade com a chegada das primeiras famílias portuguesas (Albuquerque, Coelho, Carvalho) descendentes desses judeus. Paralelamente, a região de Cametá foi palco da formação de importantes quilombos, formados por escravos que trabalhavam nas plantações de cana-de-açúcar. Esses quilombos, como o Mola liderado por Felipa Maria Aranha, demonstraram um alto grau de organização social e política, chegando a formar a Confederação do Itapocu e resistindo às expedições portuguesas, marcando a resistência negra na região."
"Como a Usina Hidrelétrica de Tucuruí impactou a região de Cametá a partir da década de 1970?","A construção e operação da Usina Hidrelétrica de Tucuruí, que represou o Rio Tocantins, trouxe mudanças significativas para Cametá e região a partir da década de 1970. A disponibilização de energia elétrica proveniente da usina buscou atrair capital para a geração de renda e produção na cidade e nas vilas adjacentes, que também foram beneficiadas. Um exemplo citado desse movimento de desenvolvimento impulsionado pela energia é a Fazenda Dulluca, que através da fruticultura, passou a gerar trabalho e renda para a comunidade de Livramento."
"Explique o que é o Arquipélago de Cametá e quais são algumas de suas principais ilhas.","O Arquipélago de Cametá é um extenso conjunto de ilhas fluviais localizado no rio Tocantins, que constitui parte significativa do território do município de Cametá. Ele se estende desde a altura da cidade de Limoeiro do Ajuru, ao norte, até a altura da cidade de Mocajuba, ao sul. Dentre as numerosas ilhas que compõem este arquipélago, algumas das principais mencionadas no texto são: Ajaraí, Cação, Cacoal, Cuxipiarí (duas ilhas com nome similar ou erro de digitação no original), Carmo, Itanduba, Juruateua, Mapeuá, Papateua, Patrimônio, Grande, Praticaia, Furtados, Mutuacá de Baixo, Mendaruçu de Cima, Pacuí, Juba, Marinteua, Turema, Tamanduá e Joroca."
"Descreva a evolução histórica de Breves desde a sesmaria até se tornar cidade.","A história de Breves começa em 1738 com a concessão de uma sesmaria aos irmãos portugueses Manuel e Ângelo Fernandes Breves por João de Abreu Castelo Branco. Com a instalação de um engenho, o local ficou conhecido como ""Engenho dos Breves"". Em 1781, a pedido dos habitantes e por ordem do capitão geral José de Nápoles Telo de Meneses, o local recebeu o título de ""Santana dos Breves"". Em 30 de novembro de 1850, pela lei provincial nº 172, foi elevada à categoria de freguesia. Pouco depois, em 25 de outubro de 1851, a Resolução nº 200 elevou ""Santana dos Breves"" à categoria de vila e sede do município, incorporando o território da extinta Vila de Melgaço. Finalmente, a lei estadual nº 1.122, de 10 de novembro de 1909, concedeu foros de cidade à sede do município."
"Quais são as principais características da Climatologia de Breves, incluindo temperaturas extremas e precipitação?","O clima de Breves é classificado como Equatorial (Af). Segundo dados do INMET (períodos 1971-1990 e a partir de 1995), a menor temperatura registrada foi de 15 °C, ocorrida em duas datas distintas (13/12/1973 e 05/01/1976). A maior temperatura registrada atingiu 38 °C em 13 de novembro de 1975. Em relação à precipitação, o maior acumulado em 24 horas foi de 127,8 mm em 5 de abril de 1974. O mês mais chuvoso já registrado foi março de 1988, com um total de 614,9 mm. A média anual de precipitação, conforme a tabela climatológica, é de 2.321 mm, e a temperatura média compensada anual é de 26,5 °C."
"Descreva a importância do Complexo Feliz Lusitânia e da Cidade Velha para a história e o turismo de Belém.","O Complexo Feliz Lusitânia representa o núcleo inicial da cidade de Belém, sendo um povoado colonial português fundado em 1616 por Francisco Caldeira Castelo Branco às margens da Baía do Guajará. Este complexo está inserido na Cidade Velha, que é o centro histórico de Belém. A Cidade Velha é um dos maiores referenciais do patrimônio histórico e cultural do Pará, caracterizada pela herança arquitetônica do período colonial. Lá se encontra o Forte do Castelo (antigo Forte do Presépio), a primeira rua da cidade (Rua da Ladeira), a Catedral Metropolitana, a Praça do Relógio, a Igreja das Mercês, o prédio da prefeitura e o Mangal das Garças, atraindo turistas interessados na história e arquitetura da capital paraense."
"Quais são os principais elementos e pratos da culinária paraense destacados no texto?","A culinária paraense (ou belenense) possui forte influência indígena e se caracteriza pelo uso de ingredientes exóticos da região amazônica. Pratos típicos incluem o pato no tucupi com jambu, o tacacá (um caldo quente feito com tucupi, goma de tapioca, jambu e camarão seco) e a maniçoba (feita com folhas moídas da mandioca, cozidas por dias com carnes). O açaí é outra iguaria fundamental, consumido de diversas formas. As frutas regionais são abundantes e saborosas, como bacaba, bacuri, cupuaçu, castanha-do-pará, pupunha, tucumã, murici, piquiá e taperebá, sendo usadas tanto em pratos quanto em sobremesas, facilmente encontradas em mercados como o Ver-o-Peso e feiras livres."
"Descreva o Círio de Nazaré, incluindo sua magnitude, período de celebração e algumas de suas etapas.","O Círio de Nazaré é a maior festa religiosa do Brasil e uma das maiores procissões católicas do mundo, realizada anualmente em Belém no segundo domingo de outubro, em devoção a Nossa Senhora de Nazaré. O evento, celebrado desde 1793, reúne cerca de dois milhões de fiéis. Embora a grande procissão seja o ponto alto, as manifestações de devoção, tanto profanas quanto religiosas, estendem-se por quinze dias, período conhecido como quadra Nazarena. Dentre as várias etapas que compõem a celebração, destacam-se a Romaria Fluvial, a Romaria Rodoviária, a Moto-Romaria, a Transladação (que ocorre na noite anterior à procissão principal) e, claro, a Procissão do Círio em si."
"Como o texto descreve a diversidade religiosa em Belém, além do Catolicismo predominante?","Apesar da forte tradição católica, marcada por inúmeras igrejas, capelas e santuários como a Catedral da Sé e a Basílica de Nazaré, Belém também abriga uma significativa presença de Igrejas Protestantes. O texto destaca a Assembleia de Deus, cuja fundação nacional ocorreu primeiramente em Belém e que possui mais de 350 templos na cidade. Outras denominações protestantes relevantes mencionadas são a Igreja Adventista do Sétimo Dia, a Igreja Internacional da Graça de Deus, a Igreja Universal do Reino de Deus, a Igreja do Evangelho Quadrangular, a Igreja Batista, a Igreja de Jesus Cristo dos Santos dos Últimos Dias e a Congregação Cristã no Brasil, demonstrando a diversidade do cenário religioso na capital paraense."
"Quais são as principais unidades federativas e entidades geográficas que fazem fronteira com o estado do Pará?","O estado do Pará possui uma extensa área e faz fronteira com diversas outras unidades. Ao norte, limita-se com o estado do Amapá e também com as regiões guianenses de Berbice Oriental-Corentine (Guiana) e Alto Tacutu-Alto Essequibo (território disputado entre Guiana e Venezuela), além do distrito de Sipaliwini, no Suriname. A nordeste, faz limite com o Maranhão. A sudeste, com o Tocantins. Ao sul, com o Mato Grosso. A oeste, com o Amazonas. E a noroeste, com o estado de Roraima."
"Descreva a evolução da divisão administrativa do Pará, desde a Capitania do Grão-Pará até a estrutura atual de regiões geográficas.","A divisão administrativa do Pará evoluiu ao longo dos séculos. Inicialmente parte da Conquista do Pará e depois da Capitania do Maranhão, em 1621 foi criada a Capitania do Grão-Pará, que posteriormente integrou o Estado do Grão-Pará e Rio Negro (1654) e depois o Estado do Grão-Pará e Maranhão (1772). Após a independência, tornou-se a Província do Grão-Pará. Com a República, virou o Estado do Pará. Internamente, a divisão clássica usava mesorregiões e microrregiões (desde 1989). Atualmente, o IBGE utiliza uma subdivisão em 7 Regiões Geográficas Intermediárias e 21 Regiões Geográficas Imediatas, que substituíram as meso e microrregiões para fins estatísticos, refletindo melhor as redes de influência e características socioeconômicas dos 144 municípios."
"Explique o processo e o resultado do plebiscito de 2011 que propôs a divisão do estado do Pará.","Em 2011, o plenário da Câmara dos Deputados aprovou dois Decretos Legislativos que autorizaram a realização de um plebiscito para decidir sobre a criação de dois novos estados a partir da divisão do Pará: Carajás (sul/sudeste) e Tapajós (oeste). O plebiscito foi realizado em dezembro de 2011, com um orçamento de R$ 10,4 milhões. O resultado final foi uma expressiva rejeição à proposta: 66,6% dos eleitores votaram contra a divisão, enquanto apenas 33,4% foram favoráveis. Apesar da participação de 3,6 milhões de eleitores, houve uma abstenção considerável de 25,71%. Estudos posteriores indicaram que os três estados resultantes seriam economicamente deficitários."
"Detalhe a importância econômica do extrativismo mineral para o Pará, citando os principais minérios e a participação do estado na produção nacional.","O extrativismo mineral é um pilar fundamental da economia paraense, especialmente nas regiões sul e sudeste. O estado é líder nacional em valor de produção comercializada (48% do mercado em 2018) e possui vastas reservas. É o segundo maior produtor de minério de ferro do Brasil (169 milhões de toneladas em 2017, 40% da produção nacional), quase monopoliza a produção de alumínio (bauxita, 34,5 de 36,7 milhões de toneladas), lidera na produção de manganês (2,3 de 3,4 milhões de toneladas) e cobre (980 mil de 1,28 milhão de toneladas). Também é um grande produtor de níquel (2º do Brasil), estanho (3º) e ouro (3º). Essa riqueza mineral impulsiona a indústria metalúrgica e as exportações do estado."
"Descreva a situação da infraestrutura de saúde e saneamento no Pará com base nos dados de 2009 e 2008.","Os dados apresentados indicam desafios significativos na infraestrutura de saúde e saneamento do Pará. Em 2009, embora houvesse 2.742 estabelecimentos hospitalares (a maioria públicos municipais) totalizando 13.720 leitos, apenas 47,03% da população tinha acesso à rede de água tratada e 57,8% possuía acesso à rede de esgoto sanitário, revelando carências importantes nesses serviços básicos. A pesquisa de 2008 do IBGE mostrou que, apesar de 71,2% avaliarem a saúde como boa ou muito boa, apenas 13,7% possuíam plano de saúde. A taxa de médicos também era relativamente baixa em 2005, com 7,1 médicos por 10 mil habitantes."
"Explique a importância e as principais áreas de atuação da Secretaria de Ciência, Tecnologia e Educação Técnica e Tecnológica (SECTET) do Pará.","A SECTET, criada em 2007, é o órgão estadual responsável por formular, coordenar e acompanhar a política de desenvolvimento científico, tecnológico e de educação técnica e profissional no Pará. Sua atuação visa promover e apoiar a pesquisa, a geração e aplicação de conhecimento, contribuindo para o desenvolvimento econômico e social do estado. Ela implementa programas como o PAIT-PA (apoio à inovação), o Critec (centro de referência em inovação) e o PBIC-PA (bolsas de iniciação científica), buscando estimular a cooperação entre empresas e universidades, formar recursos humanos qualificados e atrair investimentos para consolidar o Pará como um polo de tecnologia e inovação na região norte."
"Detalhe a rede de transportes do Pará, abordando os modais hidroviário, rodoviário, ferroviário e aéreo.","Devido à sua geografia amazônica, o transporte hidroviário é predominante no Pará, utilizando a Hidrovia do Solimões-Amazonas e a Hidrovia Tocantins-Araguaia, com portos importantes como os de Belém, Santarém e Vila do Conde. O transporte rodoviário é mais relevante nas conexões com o Nordeste e Centro-Oeste, através de rodovias como a Belém-Brasília (BR-010/BR-316), Transamazônica (BR-230), BR-163, BR-155, entre outras. O modal ferroviário é centrado na Estrada de Ferro Carajás, vital para o escoamento de minério, mas também transportando passageiros e outras cargas, e conectada à Ferrovia Norte-Sul. Existem ferrovias menores para transporte de bauxita (Trombetas, Juruti, Jari). No transporte aéreo, destacam-se os aeroportos internacionais de Belém e Santarém, além de outros aeroportos importantes em Marabá, Altamira, Itaituba e Carajás, e diversos aeródromos menores."
"Compare a cultura e os ritmos musicais predominantes no nordeste paraense (Belém, Bragança) com os da região de Carajás (sudeste/sul).","Existe uma notável diferença cultural e musical entre as regiões do Pará. No nordeste paraense, incluindo a capital Belém e cidades como Bragança, predominam ritmos como o carimbó (tradicional e estilizado), o brega, o tecnobrega, a marujada e o lundu marajoara, refletindo uma herança mais ligada às influências indígenas, africanas e ribeirinhas. Já na região de Carajás (sudeste e sul), devido à intensa migração de pessoas do Centro-Oeste, Sudeste e Sul do Brasil, há uma clara preferência por ritmos como o forró e a música sertaneja, em detrimento dos ritmos mais tradicionais do norte do estado. Essa diferença reflete os distintos processos de ocupação e as influências culturais de cada região."
olá,Oi! Tudo bem? Estou aqui para falar sobre a cultura e turismo do Pará!
bom dia,Bom dia! Belém é uma cidade cheia de cultura e história. Sobre o que gostaria de saber?
boa tarde,Boa tarde! Vamos conversar sobre as maravilhas do Pará?
boa noite,Boa noite! O Pará tem muitas histórias para contar. Qual delas você quer ouvir?
conte-me sobre pará,"O Pará é o segundo maior estado do Brasil, localizado na região Norte. Sua capital Belém é conhecida como a 'Metrópole da Amazônia'!"
fale sobre o estado do pará,"O estado do Pará é fascinante! Com área de 1,2 milhão de km², tem clima equatorial, vastos rios e biodiversidade incrível."
qual a história do pará?,O Pará foi fundado em 1616 com a construção do Forte do Presépio (hoje Forte do Castelo). Teve períodos de riqueza no ciclo da borracha.
oi,Olá! Como posso ajudar você com informações sobre Belém e o Pará?
como é a cultura do pará?,"A cultura do Pará é uma mistura de tradições indígenas, africanas e portuguesas, com destaque para o carimbó, lendas amazônicas e o Círio de Nazaré."
pontos turísticos em belém,"Belém oferece incríveis atrações: Ver-o-Peso, Teatro da Paz, Mangal das Garças, Estação das Docas e Museu Emílio Goeldi."
o que visitar em belém,"Em Belém você deve visitar: Ver-o-Peso, Mangal das Garças, Estação das Docas, Teatro da Paz e Museu Emílio Goeldi."
atrações turísticas de belém,Principais atrações: 1) Ver-o-Peso 2) Mangal das Garças 3) Estação das Docas 4) Teatro da Paz 5) Museu Goeldi.
lugares para conhecer em belém,Roteiro essencial: Dia 1 - Centro Histórico; Dia 2 - Ver-o-Peso; Dia 3 - Museu Goeldi; Dia 4 - Estação das Docas.
conte sobre o ver-o-peso,"O Ver-o-Peso é o mercado mais famoso de Belém, fundado em 1625. É um complexo que inclui mercado de peixe, carne e Feira do Açaí."
o que é o teatro da paz,"O Teatro da Paz é um dos mais belos do Brasil, construído em 1878 durante o ciclo da borracha, em estilo neoclássico com elementos amazônicos."
fale sobre o mangal das garças,"O Mangal das Garças é um parque ecológico de 40.000 m² às margens do rio Guamá, com viveiro de borboletas e muitos pássaros."
conte sobre a estação das docas,"A Estação das Docas é um complexo cultural no antigo porto de Belém, revitalizado em 2000, com restaurantes e espaço para eventos."
quais são os folclores do pará?,"O folclore paraense é riquíssimo! Destacam-se: Carimbó, Boi-Bumbá, lendas como Curupira e Iara, Marujada e Círio de Nazaré."
o que é o carimbó?,"O carimbó é uma dança tradicional paraense de origem afro-indígena, reconhecida como patrimônio cultural brasileiro."
quem é o curupira?,O Curupira é uma lenda amazônica sobre um anão de cabelos vermelhos e pés virados que protege a floresta.
o que significa boi-bumbá?,O Boi-Bumbá é uma festa folclórica que conta a história de Pai Francisco e Mãe Catirina com a morte e ressurreição de um boi.
quais comidas típicas do pará?,"A culinária paraense é uma explosão de sabores! Pratos imperdíveis: Pato no Tucupi, Tacacá, Maniçoba, Açaí e Vatapá de camarão."
o que é pato no tucupi?,O Pato no Tucupi é o prato mais emblemático do Pará. Pato assado cozido no tucupi (líquido da mandioca brava) com jambu.
conte sobre o tacacá,"O tacacá é uma sopa tradicional de rua com tucupi, goma, camarão seco e jambu, que causa formigamento na língua."
fale sobre a maniçoba,"A maniçoba é considerada a 'feijoada paraense', feita com folhas de maniva cozidas por 7 dias com carnes."
quais eventos importantes no pará?,Principais eventos: 1) Círio de Nazaré (outubro) 2) Arraial do Pavulagem (junho) 3) Festival de Carimbó (agosto) 4) Marujada (dezembro).
quando é o círio de nazaré?,"O Círio de Nazaré acontece no 2º domingo de outubro em Belém, reunindo 2 milhões de pessoas na maior procissão católica do Brasil."
fale sobre o festival de carimbó,"O Festival de Carimbó ocorre em agosto, mês do aniversário de Mestre Verequete, com apresentações do ritmo tradicional."
como chegar em belém?,Para chegar em Belém: 1) Aéreo - Aeroporto Internacional Val-de-Cans 2) Rodoviário - Terminal Rodoviário 3) Fluvial - Barcos.
qual o aeroporto de belém?,"O Aeroporto Internacional de Belém/Júlio Cezar Ribeiro (código BEL) fica a 10 km do centro, recebendo voos de todo Brasil."
onde ficar em belém?,"Em Belém, recomendo ficar no Centro Histórico, Batista Campos ou Nazaré. Reserve com antecedência no período do Círio."
quando visitar belém?,"A melhor época para visitar é de junho a novembro (menos chuvas). Dezembro a maio é mais chuvoso, mas com temperaturas agradáveis."
história de belém,Belém foi fundada em 12/01/1616 com a construção do Forte do Presépio (hoje Forte do Castelo) para defender a região.
fale sobre o ciclo da borracha,"O ciclo da borracha (1879-1912) trouxe riqueza a Belém, que foi modernizada com teatros e palacetes, sendo chamada 'Paris n'América'."
conte sobre a cabanagem,"A Cabanagem (1835-1840) foi revolta popular no Grão-Pará contra pobreza, com cerca de 30 mil mortos. Símbolo da resistência amazônica."
sobre a amazônia no pará,"O Pará abriga parte da maior floresta tropical - a Amazônia, com biodiversidade única como onça-pintada, arara-azul e boto-cor-de-rosa."
quais rios importantes no pará?,Rios importantes: 1) Amazonas 2) Tocantins 3) Xingu 4) Tapajós 5) Jari. A hidrovia é vital para transporte na região.
quais animais vivem na floresta?,"A fauna inclui onças, antas, macacos, botos, araras e tucanos. No Museu Goeldi você vê muitos destes animais."
como é o clima no pará?,"O clima em Belém é quente e úmido (média 26°C), com chuvas intensas de dezembro a maio. De junho a novembro é menos chuvoso."
"Qual é a população atual de Ananindeua?","A população de Ananindeua foi contabilizada em 478.778 habitantes no Censo IBGE de 2022."
"Como Ananindeua se desenvolveu ao longo do tempo?","Ananindeua teve seu crescimento inicial a partir do eixo da antiga Estrada de Ferro de Bragança e maior incremento populacional com a construção da BR-010 na década de 1960."
"Quais são os principais bairros de Ananindeua?","Ananindeua possui 22 bairros urbanos, incluindo Cidade Nova, Guajará e PAAR, além de 9 ilhas na área rural."
"Qual é a situação do saneamento básico em Ananindeua?","Até 2016, apenas 29,98% da população recebia água potável, sendo um dos piores índices entre as grandes cidades brasileiras."
"Quais universidades estão presentes em Ananindeua?","Ananindeua possui campus da Universidade Federal do Pará (UFPA), Instituto Federal do Pará e Universidade da Amazônia."
"Qual é a capital do Pará?","A capital do Pará é Belém, fundada em 1616."
"Quantos municípios existem no Pará?","O Pará é dividido em 144 municípios."
"Quais são os principais produtos agrícolas do Pará?","O Pará é maior produtor nacional de açaí, mandioca, cacau e pimenta-do-reino, além de ser importante produtor de soja e pecuária."
"Como é o clima no estado do Pará?","O Pará possui clima equatorial (quente e úmido) com temperaturas médias entre 24-26°C e alta pluviosidade (2.000-2.500mm anuais)."
"Quando Marituba foi emancipada?","Marituba foi emancipada em 22 de setembro de 1994 pela Lei Estadual nº 5.857."
"Qual é a principal rodovia que corta Marituba?","A BR-316 é a principal rodovia que corta Marituba num trecho de 7 km."
"Por que Marituba é considerada uma cidade dormitório?","Marituba é considerada cidade dormitório porque grande parte de seus habitantes trabalham/estudam em municípios vizinhos como Belém e Ananindeua."
"Quais são os principais pontos turísticos de Belém?","Principais pontos: Ver-o-Peso, Teatro da Paz, Mangal das Garças, Estação das Docas, Museu Emílio Goeldi e Basílica de Nazaré."
"O que é o Complexo Feliz Lusitânia?","É o núcleo histórico de Belém, criado em 1616, contendo o Forte do Castelo, Casa das Onze Janelas e outras construções coloniais."
"O que se pode encontrar no Mercado Ver-o-Peso?","No Ver-o-Peso encontram-se peixes, frutas regionais (açaí, cupuaçu), ervas medicinais, artesanato e comidas típicas."
"Qual é a importância do Círio de Nazaré?","O Círio de Nazaré é a maior festa religiosa do Brasil, reunindo cerca de 2 milhões de fiéis em Belém no segundo domingo de outubro."
"Qual é a população do Pará?","Segundo o Censo do IBGE de 2022, o Pará tem aproximadamente 8,1 milhões de habitantes."
"Qual a densidade demográfica do Pará?","O Pará possui uma densidade demográfica baixa, com cerca de 6 habitantes por km²."
"Quando o Pará foi colonizado?","O Pará começou a ser colonizado pelos portugueses em 1616 com a fundação do Forte do Presépio em Belém."
"O Pará já foi parte de outro estado?","Sim, o Pará fazia parte do Grão-Pará, uma capitania criada no período colonial que depois foi dividida."
"O que foi a Cabanagem?","A Cabanagem foi uma revolta popular que ocorreu no Pará entre 1835 e 1840, onde os revoltosos chegaram a tomar o governo por um período."
"Quais são as principais atividades econômicas do Pará?","A economia do Pará é baseada na mineração (ferro, bauxita, manganês), agropecuária (pecuária e soja) e extrativismo (açaí e castanha-do-pará)."
"Qual é a importância da mineração no Pará?","A mineração é um dos setores mais importantes do estado, sendo a Serra dos Carajás uma das maiores reservas de ferro do mundo."
"O que é o Círio de Nazaré?","O Círio de Nazaré é a maior festividade religiosa do Brasil, realizada anualmente em Belém e reunindo milhões de fiéis."
"Quais são as principais manifestações culturais do Pará?","Destaque para o carimbó, o tecnobrega, a festa do Círio de Nazaré e a culinária rica com pratos como maniçoba e tacacá."
"O que caracteriza a culinária paraense?","A culinária paraense tem forte influência indígena, com pratos como tacacá, maniçoba, pato no tucupi e açaí."
"Qual é a localização do Pará?","O Pará está localizado na região Norte do Brasil e é o segundo maior estado do país em extensão territorial."
"Quais são os principais rios do Pará?","Os principais rios do Pará incluem o Rio Amazonas, Rio Tocantins e Rio Tapajós."
"Qual é o bioma predominante no Pará?","O bioma predominante no Pará é a Floresta Amazônica, que cobre grande parte do estado."
"Quais são as principais cidades do Pará?","As principais cidades do Pará incluem Belém (capital), Santarém, Marabá e Ananindeua."
"Onde fica localizado o município de Marituba?","Marituba está localizado no estado do Pará, na Região Norte do Brasil, a cerca de 11 km do centro da capital, Belém."
"Com quais municípios Marituba faz divisa?","Marituba é conurbado com Ananindeua e Benevides, ambos integrantes da Região Metropolitana de Belém."
"Qual é a população atual de Marituba?","Segundo o Censo IBGE de 2022, Marituba possui 111.785 habitantes, sendo o 13º município mais populoso do Pará."
"Qual é a área total de Marituba?","Marituba possui uma área de 103,214 km², sendo o município com a menor área total entre os municípios paraenses."
"Qual foi o PIB de Marituba em 2020?","O PIB de Marituba em 2020 foi de R$ 2,0 bilhões, ocupando a 15ª posição entre os municípios do estado do Pará."
"Quando Marituba foi emancipada?","Marituba foi emancipada em 22 de setembro de 1994 pela Lei Estadual nº 5.857."
"Qual é a principal rodovia que corta Marituba?","A BR-316 é a principal rodovia que corta Marituba em um trecho de 7 km."
"Por que Marituba é considerada uma cidade dormitório?","Marituba é considerada cidade dormitório porque grande parte de seus habitantes trabalham ou estudam em municípios vizinhos como Belém e Ananindeua."
"Quais são os principais setores econômicos de Marituba?","A economia de Marituba é baseada no comércio, serviços e pequenas indústrias, com crescimento impulsionado pela proximidade com Belém."
"Quais são alguns dos desafios enfrentados por Marituba?","Marituba enfrenta desafios como saneamento básico deficiente, infraestrutura urbana precária e problemas ambientais relacionados ao lixão da cidade."
"Quais são os principais bairros de Marituba?","Marituba possui bairros como Centro, Decouville, Nova Marituba, São João e Beija-Flor."
"Qual é a taxa de urbanização de Marituba?","Marituba é uma cidade altamente urbanizada, com a maior parte da população vivendo na zona urbana."
"Quais são os serviços de saúde disponíveis em Marituba?","Marituba possui hospitais, postos de saúde e unidades básicas de atendimento, sendo o Hospital Augusto Chaves um dos principais da cidade."
"Qual a importância da BR-316 para Marituba?","A BR-316 é essencial para o transporte de pessoas e mercadorias, conectando Marituba a Belém e outras cidades da região."
"Quais são os principais eventos culturais de Marituba?","Entre os eventos culturais de Marituba destacam-se as festas juninas, o aniversário da cidade e festividades religiosas."
"Como é o clima de Marituba?","Marituba possui clima equatorial quente e úmido, com chuvas intensas ao longo do ano."
"Quais são as opções de transporte público em Marituba?","Os moradores de Marituba utilizam ônibus intermunicipais para se deslocarem para Belém e outras cidades da região metropolitana."
"Qual é o índice de desenvolvimento humano (IDH) de Marituba?","O IDH de Marituba é considerado médio, refletindo desafios em educação, saúde e renda."
"Quais são os atrativos turísticos de Marituba?","Embora seja mais residencial, Marituba tem espaços de lazer como praças, trilhas e áreas verdes."
"Como a economia de Marituba se relaciona com Belém?","Muitos moradores trabalham em Belém, e o comércio local depende da movimentação econômica da capital paraense."
"Quais são as escolas e instituições de ensino em Marituba?","Marituba possui escolas municipais, estaduais e particulares, além de algumas instituições de ensino técnico e superior."
"Quais são os problemas ambientais enfrentados por Marituba?","Entre os problemas ambientais, destaca-se a poluição causada pelo lixão da cidade e a necessidade de gestão adequada de resíduos sólidos."
"Qual é a densidade populacional de Marituba?","Com uma área pequena e uma população relativamente alta, Marituba apresenta uma alta densidade populacional."
"Quais medidas têm sido tomadas para melhorar a infraestrutura de Marituba?","Investimentos em pavimentação, saneamento e transporte têm sido feitos para melhorar a qualidade de vida na cidade."
"Como é a segurança pública em Marituba?","A cidade enfrenta desafios na segurança pública, com ocorrências de crimes urbanos exigindo maior atenção das autoridades."
"Quais são os principais rios ou corpos d'água em Marituba?","Marituba possui alguns igarapés e áreas de várzea que fazem parte do ecossistema local."
"Quais são os setores mais afetados pela desigualdade social em Marituba?","As áreas de habitação, saneamento e educação são impactadas pela desigualdade social no município."
"Qual a origem do nome 'Marituba'?","O nome Marituba tem origem indígena e está relacionado à geografia e história da região."
"Quem é o Curupira?","O Curupira é uma figura do folclore brasileiro, um protetor das florestas com cabelos vermelhos, pés virados para trás e que assobia para confundir caçadores."
"O que é a Iara?","A Iara é uma sereia do folclore brasileiro, que vive nos rios e encanta os homens com seu canto."
"Quem é o Saci-Pererê?","O Saci-Pererê é um personagem do folclore brasileiro, um menino negro de uma perna só que usa um gorro vermelho e faz travessuras."
"O que é a Cuca?","A Cuca é uma bruxa ou um bicho-papão do folclore brasileiro, usada para assustar crianças desobedientes."
"Qual a lenda do Boitatá?","O Boitatá é uma cobra de fogo do folclore brasileiro, que protege as matas e campos contra incêndios."
"Quem foi Dom Pedro II?","Dom Pedro II foi o segundo e último imperador do Brasil, reinando por quase 50 anos no século XIX."
"Em que ano o Brasil foi descoberto pelos portugueses?","O Brasil foi descoberto pelos portugueses em 1500."
"O que foi o ciclo do ouro no Brasil?","O ciclo do ouro no Brasil foi um período de intensa exploração de ouro no século XVIII, principalmente em Minas Gerais."
"O que foi a Revolução de 1930?","A Revolução de 1930 foi um golpe de estado que depôs o presidente Washington Luís e marcou o fim da República Velha no Brasil."
"Quando Getúlio Vargas se tornou presidente do Brasil pela primeira vez?","Getúlio Vargas se tornou presidente do Brasil pela primeira vez em 1930, após a Revolução de 1930."
"Qual o maior estado do Brasil em área territorial?","O Amazonas é o maior estado do Brasil em área territorial."
"Quais países fazem fronteira com o Brasil?","O Brasil faz fronteira com Argentina, Bolívia, Colômbia, Guiana Francesa, Guiana, Paraguai, Peru, Suriname, Uruguai e Venezuela."
"Qual a maior cidade do Brasil em população?","São Paulo é a maior cidade do Brasil em população."
"Onde fica o Monte Roraima?","O Monte Roraima fica na tríplice fronteira entre Brasil, Venezuela e Guiana."
"Quais são as regiões do Brasil?","As regiões do Brasil são Norte, Nordeste, Centro-Oeste, Sudeste e Sul."
"O que é o frevo?","Frevo é um ritmo musical e dança originários de Pernambuco, muito associados ao Carnaval."
"Quais são os principais ingredientes da feijoada?","Os principais ingredientes da feijoada são feijão preto, diversas carnes de porco (como linguiça, paio, bacon), carne seca e acompanhamentos como arroz, couve e laranja."
"Quem é Jorge Amado?","Jorge Amado foi um famoso escritor brasileiro, autor de obras como 'Gabriela, Cravo e Canela' e 'Dona Flor e Seus Dois Maridos'."
"O que é a bossa nova?","Bossa nova é um gênero musical brasileiro que surgiu no final da década de 1950, com influências do samba e do jazz."
"Quais são os instrumentos musicais típicos do samba?","Alguns instrumentos musicais típicos do samba são o pandeiro, o cavaco, o surdo e o tamborim."
"O que é o brigadeiro?","Brigadeiro é um doce brasileiro feito de leite condensado, chocolate em pó, manteiga e granulado."
"Quais são os ingredientes do acarajé?","Os ingredientes do acarajé são massa de feijão fradinho, cebola, sal, frito em azeite de dendê e geralmente servido com vatapá, caruru e camarão seco."
"O que é a pamonha?","Pamonha é um prato brasileiro feito de milho verde ralado, leite de coco e sal ou açúcar, cozido em palha de milho."
"O que é o chimarrão?","Chimarrão é uma bebida tradicional do sul do Brasil, feita com erva-mate e água quente, servida em uma cuia e sorvida com um canudo chamado bomba."
"Quais frutas são típicas da Amazônia?","Algumas frutas típicas da Amazônia são o açaí, cupuaçu, bacuri, taperebá e camu-camu."
"Onde fica o Cristo Redentor?","O Cristo Redentor é um famoso ponto turístico localizado na cidade do Rio de Janeiro, no morro do Corcovado."
"O que fazer em Ouro Preto?","Em Ouro Preto, você pode visitar igrejas barrocas históricas, museus da Inconfidência Mineira e explorar as ladeiras charmosas da cidade."
"Qual a capital de Minas Gerais?","A capital de Minas Gerais é Belo Horizonte."
"O que é o Pelourinho em Salvador?","O Pelourinho é um bairro histórico de Salvador, conhecido por sua arquitetura colonial, igrejas e cultura afro-brasileira."
"Onde acontece o Festival de Parintins?","O Festival de Parintins acontece na cidade de Parintins, no Amazonas."
"Qual animal símbolo do Pantanal?","A arara-azul é frequentemente considerada um animal símbolo do Pantanal."
"O que é a Mata Atlântica?","A Mata Atlântica é uma floresta tropical que se estende ao longo da costa do Brasil, rica em biodiversidade e muito ameaçada."
"Quais são os biomas brasileiros?","Os principais biomas brasileiros são Amazônia, Mata Atlântica, Cerrado, Caatinga, Pampa e Pantanal."
"Onde vive o mico-leão-dourado?","O mico-leão-dourado é endêmico da Mata Atlântica brasileira, principalmente no estado do Rio de Janeiro."
"O que é a vitória-régia?","A vitória-régia é uma planta aquática amazônica, conhecida por suas grandes folhas circulares que flutuam na água."
"Qual a moeda do Brasil?","A moeda oficial do Brasil é o Real."
"O que é o salário mínimo no Brasil?","O salário mínimo no Brasil é o menor valor de remuneração que um trabalhador pode receber legalmente por mês."
"Quais são os principais produtos agrícolas exportados pelo Brasil?","O Brasil é um grande exportador de soja, café, açúcar, carne bovina e suco de laranja."
"O que é o SUS?","O SUS (Sistema Único de Saúde) é o sistema público de saúde do Brasil, que oferece atendimento gratuito à população."
"Qual a religião predominante no Brasil?","O Cristianismo, em especial o Catolicismo, é a religião predominante no Brasil."
"Quem foi Santos Dumont?","Santos Dumont foi um inventor brasileiro, pioneiro da aviação, famoso por construir e voar o 14-Bis."
"Quem é Pelé?","Pelé, cujo nome real era Edson Arantes do Nascimento, foi um lendário jogador de futebol brasileiro, considerado um dos maiores de todos os tempos."
"Quem é Machado de Assis?","Machado de Assis foi um dos maiores escritores brasileiros, autor de obras como 'Dom Casmurro' e 'Memórias Póstumas de Brás Cubas'."
"Quem é Carmen Miranda?","Carmen Miranda foi uma cantora e atriz luso-brasileira que fez muito sucesso em Hollywood nas décadas de 1940 e 1950."
"Quem é Ayrton Senna?","Ayrton Senna foi um piloto de Fórmula 1 brasileiro, tricampeão mundial e um dos maiores ídolos do esporte no Brasil."
"Quando é o Carnaval no Brasil?","O Carnaval no Brasil é uma festa popular que acontece anualmente, geralmente em fevereiro ou março, antes da Quaresma."
"Onde acontece o Réveillon mais famoso do Brasil?","O Réveillon mais famoso do Brasil acontece na praia de Copacabana, no Rio de Janeiro."
"O que são as festas juninas?","As festas juninas são celebrações populares no Brasil em junho, com danças, comidas típicas e fogueiras, em homenagem a São João, São Pedro e Santo Antônio."
"O que se come nas festas juninas?","Nas festas juninas, se come comidas típicas como canjica, pamonha, bolo de fubá, pé de moleque, pipoca e quentão."
"Onde acontece a Oktoberfest em Blumenau?","A Oktoberfest em Blumenau acontece no Parque Vila Germânica."
"O que é o Boi-Bumbá?","Boi-Bumbá é uma festa folclórica brasileira, especialmente popular no Norte e Nordeste, que narra a história da morte e ressurreição de um boi."
"Quem é a Mula-Sem-Cabeça?","A Mula-Sem-Cabeça é uma criatura do folclore brasileiro, uma mula que solta fogo no lugar da cabeça, sendo a punição para mulheres que namoraram padres."
"Qual a lenda da Vitória Régia?","A lenda da Vitória Régia conta a história de uma índia que se transformou na planta aquática Vitória Régia ao se apaixonar pela Lua."
"O que é o Bicho-Papão?","Bicho-Papão é uma figura imaginária do folclore brasileiro, usada para assustar crianças e fazê-las obedecer."
"Quem é o Lobisomem?","O Lobisomem é uma criatura do folclore brasileiro, um homem que se transforma em lobo nas noites de lua cheia."
"Quem foi Tiradentes?","Tiradentes foi um dos líderes da Inconfidência Mineira, considerado um herói nacional e mártir da independência do Brasil."
"Em que ano o Brasil se tornou independente?","O Brasil se tornou independente de Portugal em 1822."
"O que foi a Era Vargas?","A Era Vargas foi um período da história do Brasil (1930-1945 e 1951-1954) marcado pelo governo de Getúlio Vargas, com importantes transformações políticas, econômicas e sociais."
"O que foi o período da Ditadura Militar no Brasil?","A Ditadura Militar no Brasil foi um regime autoritário que governou o país de 1964 a 1985, com restrição de liberdades e repressão política."
"Quem foi Zumbi dos Palmares?","Zumbi dos Palmares foi um líder quilombola, símbolo da resistência negra à escravidão no Brasil colonial."
"Qual a capital do Brasil?","A capital do Brasil é Brasília."
"Qual o maior rio do Brasil em extensão?","O rio Amazonas é o maior rio do Brasil e um dos maiores do mundo em extensão e volume de água."
"Qual estado brasileiro é conhecido como 'Terra da Garoa'?","São Paulo é o estado brasileiro conhecido como 'Terra da Garoa' devido ao seu clima com garoa frequente."
"Onde fica o Pantanal?","O Pantanal fica na região Centro-Oeste do Brasil, abrangendo principalmente os estados de Mato Grosso e Mato Grosso do Sul."
"Qual a menor capital do Brasil em área territorial?","Vitória é a menor capital do Brasil em área territorial."
"O que é a Capoeira?","Capoeira é uma arte marcial brasileira que combina elementos de luta, dança, música e acrobacia."
"Quem foi Clarice Lispector?","Clarice Lispector foi uma importante escritora brasileira, conhecida por suas obras introspectivas e psicológicas."
"O que é o Maracatu?","Maracatu é uma manifestação cultural afro-brasileira, um ritmo musical e dança originários de Pernambuco, com forte influência africana."
"Quais são os principais gêneros musicais do Nordeste?","Alguns dos principais gêneros musicais do Nordeste são o forró, o frevo, o maracatu, o baião e o xote."
"O que é o Cordel?","Cordel é um gênero literário popular do Nordeste brasileiro, histórias contadas em versos e ilustradas em folhetos."
"O que é o pão de queijo?","Pão de queijo é um pãozinho brasileiro feito com polvilho, queijo e ovos, típico de Minas Gerais."
"O que é a cachaça?","Cachaça é uma bebida alcoólica brasileira destilada da cana-de-açúcar."
"Quais são os ingredientes do vatapá?","Os ingredientes do vatapá incluem pão amanhecido, leite de coco, azeite de dendê, camarão seco, peixe ou frango, pimentões, cebola e temperos."
"O que é o acarajé?","Acarajé é um bolinho frito de massa de feijão fradinho, típico da culinária baiana, geralmente servido com vatapá, caruru e camarão."
"O que é o guaraná?","Guaraná é um refrigerante brasileiro feito a partir da semente do guaraná, fruto originário da Amazônia."
"Onde ficam as Cataratas do Iguaçu?","As Cataratas do Iguaçu ficam na fronteira entre o Brasil e a Argentina, no estado do Paraná."
"O que é o Cristo Redentor?","O Cristo Redentor é uma estátua de Jesus Cristo no Rio de Janeiro, um dos maiores símbolos do Brasil e ponto turístico famoso."
"O que fazer em Salvador?","Em Salvador, você pode visitar o Pelourinho, o Farol da Barra, as igrejas históricas, as praias e experimentar a rica cultura afro-brasileira."
"Onde fica a Chapada Diamantina?","A Chapada Diamantina fica no estado da Bahia, conhecida por suas paisagens de cânions, cachoeiras e trilhas."
"O que é o Elevador Lacerda?","O Elevador Lacerda é um elevador urbano em Salvador, Bahia, que liga a Cidade Alta à Cidade Baixa."
"Qual o maior felino das Américas encontrado no Brasil?","A onça-pintada é o maior felino das Américas e é encontrada em diversos biomas brasileiros."
"O que é a Amazônia?","A Amazônia é a maior floresta tropical do mundo, localizada principalmente no Brasil, com uma biodiversidade riquíssima."
"Quais animais são típicos do Cerrado?","Alguns animais típicos do Cerrado são o lobo-guará, o tamanduá-bandeira, o tatu-canastra e a ema."
"O que é o Pau-Brasil?","O Pau-Brasil é uma árvore nativa do Brasil, que deu nome ao país e foi intensamente explorada no período colonial devido à sua madeira avermelhada."
"Onde vive a arara-azul?","A arara-azul vive principalmente no Pantanal e na Amazônia."
"O que é o Bolsa Família?","Bolsa Família é um programa social do governo brasileiro de transferência de renda para famílias em situação de pobreza e extrema pobreza."
"O que é o PIB?","PIB (Produto Interno Bruto) é o valor total dos bens e serviços produzidos em um país durante um período, um importante indicador econômico."
"Qual a taxa de câmbio atual do Real para o Dólar?","A taxa de câmbio do Real para o Dólar varia diariamente, é importante consultar fontes atualizadas para saber o valor exato."
"O que são os BRICS?","BRICS é um acrônimo para os países Brasil, Rússia, Índia, China e África do Sul, que formam um grupo de economias emergentes."
"Qual a principal atividade econômica da região Sul do Brasil?","A agricultura e a agroindústria são importantes atividades econômicas na região Sul do Brasil."
"Quem foi Carlos Drummond de Andrade?","Carlos Drummond de Andrade foi um dos maiores poetas brasileiros, autor de obras como 'Sentimento do Mundo' e 'Rosa do Povo'."
"Quem foi Juscelino Kubitschek?","Juscelino Kubitschek foi presidente do Brasil (1956-1961), conhecido por seu plano de metas e pela construção de Brasília."
"Quem é Gisele Bündchen?","Gisele Bündchen é uma modelo brasileira, reconhecida internacionalmente e considerada uma das mais bem-sucedidas do mundo."
"Quem foi Villa-Lobos?","Heitor Villa-Lobos foi um dos mais importantes compositores brasileiros, conhecido por sua obra que mistura elementos da música erudita e popular brasileira."
"Quem é Neymar Jr.?","Neymar Jr. é um jogador de futebol brasileiro, um dos mais famosos e talentosos da atualidade."
"O que é o Círio de Nazaré?","O Círio de Nazaré é uma grande festa religiosa em Belém, Pará, em homenagem a Nossa Senhora de Nazaré, com procissões e celebrações."
"O que é a Lavagem do Bonfim?","A Lavagem do Bonfim é uma festa popular e religiosa em Salvador, Bahia, com a tradicional lavagem das escadarias da Igreja do Bonfim."
"Onde acontece o Festival de Dança de Joinville?","O Festival de Dança de Joinville acontece na cidade de Joinville, em Santa Catarina, sendo um dos maiores festivais de dança do mundo."
"O que é a Festa do Peão de Barretos?","A Festa do Peão de Barretos é um grande evento de rodeio e música sertaneja, realizado em Barretos, São Paulo."
"Quando se comemora o Dia da Independência do Brasil?","O Dia da Independência do Brasil é comemorado em 7 de setembro."
"Qual é a população estimada de Tucuruí em 2021?","A população de Tucuruí foi estimada em 116.605 habitantes pelo IBGE em 2021."
"Qual usina hidrelétrica está localizada em Tucuruí e quando foi inaugurada?","A Usina Hidrelétrica de Tucuruí, inaugurada em 22 de novembro de 1984 pela Eletronorte. É a maior totalmente brasileira e a quarta maior do mundo."
"Qual é o significado do nome 'Tucuruí' em tupi antigo?","Significa 'gafanhotos verdes', derivado da junção das palavras tupi 'tukura' (gafanhoto) e 'oby' (verde)."
"Quais tribos indígenas habitavam a região de Tucuruí antes da colonização?","As tribos assurinis-do-tocantins, paracanãs e gaviões."
"Qual foi o principal objetivo da construção do Forte de Nossa Senhora da Fachina em 1782?","Fiscalizar a navegação no Rio Tocantins, combater quilombos e controlar o contrabando de ouro."
"Qual projeto federal impulsionou a transformação de Tucuruí na década de 1970?","O Projeto Grande Carajás, da ditadura militar, que visava integrar a Amazônia oriental através de atividades minerometalúrgicas e agropecuárias."
"Qual é a capacidade total de geração da Usina Hidrelétrica de Tucuruí após a segunda etapa?","8.000 megawatts, após a conclusão da segunda etapa em 2007."
"Qual evento esportivo é realizado anualmente no lago de Tucuruí?","O Torneio de Pesca Esportiva de Tucuruí, dedicado à pesca do tucunaré, realizado no último final de semana de maio."
"Quais são os municípios limítrofes de Tucuruí?","Breu Branco, Novo Repartimento, Baião e Pacajá."
"Qual é o clima predominante em Tucuruí?","Clima tropical semiúmido (Aw/As), com temperaturas médias entre 22°C e 34°C e precipitação anual superior a 2.000 mm."
"Qual foi a temperatura mais alta registrada em Tucuruí e quando ocorreu?","38,6°C em 8 de outubro de 2017."
"Quantas ilhas foram formadas pelo lago da Usina Hidrelétrica de Tucuruí?","Cerca de 1.700 ilhas."
"Qual é o principal rio que influencia a geografia de Tucuruí?","O Rio Tocantins, cujo trecho final forma o lago artificial da usina."
"Quais universidades estão presentes em Tucuruí?","Universidade do Estado do Pará, Instituto Federal do Pará, Universidade Federal do Pará, Anhanguera-Unidrep, entre outras."
"Qual foi o motivo do fracasso da Estrada de Ferro Tocantins?","Dificuldades técnicas, como desníveis e igarapés, surtos de malária e o receio dos engenheiros em adentrar a floresta."
"Qual é o IDH de Tucuruí segundo o PNUD/2010?","0,666, considerado médio."
"Como o município se posicionou no plebiscito sobre a criação do estado do Carajás em 2011?","Votou majoritariamente a favor, mas a proposta foi derrotada devido ao peso da região de Belém."
"Quais são os principais setores econômicos de Tucuruí além da hidrelétrica?","Extrativismo vegetal, agricultura rudimentar, pecuária extensiva, pesca, construção civil e comércio."
"Quantos postos de saúde existem na zona urbana de Tucuruí?","23 ESFs (Estratégias Saúde da Família) na zona urbana e 1 na rural."
"Qual é a área total do município de Tucuruí?","2.086,170 km²."
"Qual é a versão alternativa sobre a fundação de Bragança (Pará) mencionada no texto?","Outra versão dá conta da doação da capitania particular do rei de Portugal à família Souza, do então governador geral do Brasil, em 9 de fevereiro de 1622."
"Quando a Vila de Bragança foi efetivamente instalada?","A vila de Bragança foi instalada em 1754."
"Qual a coordenada geográfica exata de Bragança (Pará)?","As coordenadas são 1° 03′ 46″ S, 46° 46' 22"" O."
"Quais municípios fazem limite com Bragança (Pará)?","Os municípios limítrofes são Tracuateua, Augusto Corrêa, Viseu e Santa Luzia do Pará."
"Qual a distância de Bragança (Pará) até a capital (Belém)?","A distância até a capital é de 220 km."
"Qual a data de fundação atribuída a Bragança (Pará) no infobox?","8 de julho de 1613."
"Quem é o prefeito atual de Bragança (Pará) (mandato 2025-2028)?","Dr. Mário Junior (MDB)."
"Qual a área total do município de Bragança (Pará)?","A área total é de 2.090,234 km²."
"Qual a densidade demográfica de Bragança (Pará)?","A densidade é de 62,3 hab./km²."
"Qual o clima de Bragança (Pará)?","O clima é Quente-úmido."
"Que prática agrícola os povos antigos da Amazônia utilizavam para limpeza da terra?","Praticavam a coivara (queimadas para limpeza da terra)."
"Como os arqueólogos definem as sociedades indígenas mais elaboradas que surgiram entre 1000 a.C. e 1000 d.C. na Amazônia?","Os arqueólogos definem estas sociedades como Cacicados Complexos."
"Qual o CEP geral de Bragança (Pará)?","O CEP é 68600-000."
"Qual o IDH (PNUD/2010) de Bragança (Pará)?","O IDH é 0,6 (médio)."
"Qual o PIB de Bragança (Pará) em 2021 (IBGE)?","O PIB era R$ 914.882,44 mil."
"Qual o PIB per capita de Bragança (Pará) em 2020 (IBGE)?","O PIB per capita era R$ 10.682,63."
"Qual fator levou Gaspar de Souza a renunciar ao povoamento da capitania onde hoje é Bragança?","A redução significativa de operários indígenas devido a conflitos e enfermidades."
"Onde foi fundada a aldeia de São João Batista pelos jesuítas em Bragança?","Na região onde se localiza hoje o bairro da Aldeia, especificamente o Cruzeiro da Aldeia."
"Qual documento é considerado um dos principais no processo de elevação da Vila de Bragança em 1753?","A carta do Governador Francisco Xavier de Mendonça Furtado ao rei Dom José I, enviada em 11 de outubro de 1753."
"Qual o nome completo do tenente-coronel que elevou Bragança à categoria de cidade em 1854?","Tenente-coronel Sebastião do Rego Barros."
"Cite um exemplo de edifício histórico em Bragança (Pará) além da Igreja de São Benedito.","O Palácio Episcopal ou o Instituto Santa Teresinha."
"Qual a altitude de Bragança (Pará)?","A altitude é de 19 metros."
"Cite duas praias ou ilhas procuradas para turismo em Bragança (Pará) além de Ajuruteua.","Vila dos Pescadores, praia do Pilão, Praia Chavascal ou Ilha do Canela."
"Qual o nome das antigas microrregiões que deram origem à Região de Integração Caeté?","As antigas microrregiões Bragantina e Salgado."
"Qual evento histórico intensificou a ocupação territorial da Região de Integração Caeté?","A construção da Estrada de Ferro Belém Bragança (1883-1906)."
"Qual o nome da praça principal retratada na foto de Capanema (Pará)?","Praça Magalhães Barata."
"Qual a coordenada geográfica de Capanema (Pará)?","As coordenadas são 1° 11′ 45″ S, 47° 10' 51"" O."
"Quais municípios fazem limite com Capanema (Pará)?","Tracuateua, Peixe-Boi, Bonito, Ourém, Primavera."
"Qual a data de fundação de Capanema (Pará)?","5 de novembro de 1910."
"Quem é o prefeito atual de Capanema (Pará) (mandato 2025-2028)?","Claudinor Moreira da Costa (PP)."
"Qual a área total de Capanema (Pará)?","A área total é de 621,483 km²."
"Qual a população de Capanema (Pará) estimada em 2017?","A população era de 69.431 habitantes."
"Qual a densidade demográfica de Capanema (Pará)?","A densidade é de 111,7 hab./km²."
"Qual o clima de Capanema (Pará)?","O clima é equatorial."
"Qual a altitude de Capanema (Pará)?","A altitude é 24 m."
"Qual o fuso horário de Capanema (Pará)?","Hora de Brasília (UTC-3)."
"Qual o intervalo de CEPs de Capanema (Pará)?","68700-000 até 68706-999."
"Qual o IDH (PNUD/2010) de Capanema (Pará)?","O IDH é 0,65 (médio)."
"Qual o PIB de Capanema (Pará) em 2014 (IBGE)?","O PIB era R$ 920.690,26 mil."
"Qual a posição de Capanema (Pará) no ranking de PIB do Pará em 2014?","Era a 20ª posição."
"Qual o PIB per capita de Capanema (Pará) em 2015 (IBGE)?","O PIB per capita era R$ 14.447,88."
"Qual engenheiro liderou a construção da rede telegráfica que deu nome a Capanema?","Guilherme Schüch."
"Quando foi criado o município de Quatipuru (atual Capanema)?","A Lei da Província nº 934, de 31 de julho de 1879, criou o município."
"Qual foi o local inicial do povoamento de Capanema?","O local conhecido como Arapeua, propriedade de Joaquim da Silva."
"Qual grupo de migrantes teve grande influência na colonização de Capanema?","Migrantes nordestinos."
"Quando foi criado o distrito de Capanema e a qual município estava ligado inicialmente?","Foi criado em 1902 (Lei Municipal nº 832), ligado ao município de Quatipuru."
"Em que ano o distrito de Capanema passou a fazer parte do município de Mirasselvas?","Em 1911."
"Qual o nome da sede do município de Capanema em 1930?","Siqueira Campos."
"Quando o nome Capanema foi adotado definitivamente para o município?","Em 1938."
"Qual evento nacional marcou os anos 1920 e teve reflexos em Capanema?","A Revolução de 1930."
"Qual a principal rodovia que liga Capanema a Belém?","A BR-316."
"Cite uma rádio FM de Capanema.","Princesa FM (106.1 MHz), Educativa FM (105.7 MHz), Antena C FM (104.9 MHz) ou SBT FM (87.7 MHz)."
"Cite um canal de TV VHF ou UHF com sinal em Capanema.","Cultura (9 VHF), Record (7 VHF), Sbt (6 VHF), TV Amazônia/Band (13 VHF), TV Liberal/Globo (24 UHF), TV Nazaré (18 UHF)."
"Qual o nome do estádio de futebol de Capanema?","Estádio Leandro Pinheiro."
"Por que Capanema foi um dos primeiros municípios a ter voto biométrico no Brasil?","Foi escolhido pelo TSE em 2010 como parte de um projeto piloto para aumentar a segurança das eleições."
"Qual rodovia federal corta a cidade de Castanhal?","A rodovia federal BR-316."
"Qual a coordenada geográfica de Castanhal?","As coordenadas são 1° 17′ 49″ S, 47° 55′ 19″ O."
"A qual região metropolitana Castanhal pertence?","Região Metropolitana de Belém."
"Quais municípios fazem limite com Castanhal?","Inhangapi, São Francisco do Pará, Santa Isabel do Pará, Terra Alta, Santa Maria do Pará, São Domingos do Capim e Igarapé-Açu."
"Qual a distância de Castanhal até a capital (Belém)?","A distância é de 68 km."
"Quantos vereadores compõem a câmara municipal de Castanhal?","São 21 vereadores."
"Qual a área total de Castanhal?","A área total é de 1.029,300 km²."
"Qual a altitude de Castanhal?","A altitude é 41 m."
"Qual o clima de Castanhal?","O clima é equatorial (Am)."
"Qual o IDH (PNUD/2010) de Castanhal?","O IDH é 0,673 (médio)."
"Qual a posição de Castanhal no ranking de IDH do Pará em 2010?","Era a 8ª posição."
"Qual o PIB de Castanhal em 2018 (IBGE)?","O PIB era R$ 3.911.968,91 mil."
"Qual a posição de Castanhal no ranking de PIB do Pará em 2018?","Era a 10ª posição."
"Qual o PIB per capita de Castanhal em 2018 (IBGE)?","O PIB per capita era R$ 19.728,13."
"Qual porcentagem da população de Castanhal se declarou Católica Romana no censo de 2010?","65,5%."
"Qual porcentagem da população de Castanhal se declarou evangélica no censo de 2010?","27,1%."
"Cite uma cidade-irmã de Castanhal fora do Brasil.","Kochi (Japão), Fresno (Estados Unidos), Wuhu (China), Kitami (Japão), Surabaia (Indonésia) ou Kuching (Malásia)."
"Em quais setores o polo industrial de Castanhal atua?","Atua em ramos diversificados como: calçados, têxtil, metalmecânica, alimentos, pré moldados, material elétrico e vestuário."
"Onde está sendo implantado o Polo Industrial de Castanhal?","Às margens da PA-10, a cerca de cinco quilômetros da sede do município."
"Cite uma universidade com campus ou polo em Castanhal.","Universidade Federal do Pará (UFPA), Universidade do Estado do Pará (UEPA), Universidade Estácio de Sá, Centro de Educação da Amazônia (CEAMA), Instituto Federal do Pará (IFPA), Universidade Paulista (UNIP), Universidade Norte do Paraná (FAMAC/UNOPAR), Centro Universitário Internacional (UNINTER) ou Universidade da Amazônia (UNAMA)."
"Qual cantor(a) famoso(a) é natural de Castanhal?","Jaloo."
"Qual ex-governador do Pará é natural de Castanhal?","Almir Gabriel."
"Qual a coordenada geográfica de Cametá?","As coordenadas são 2° 14′ 38″ S, 49° 29′ 45″ O."
"Quais municípios fazem limite com Cametá?","Limoeiro do Ajuru, Mocajuba, Oeiras do Pará e Igarapé-Miri."
"Qual a distância de Cametá até a capital (Belém)?","A distância é 150 km."
"Qual a data de emancipação de Cametá?","24 de dezembro de 1635."
"Quem é o prefeito atual de Cametá (mandato 2025-2028)?","Victor Cassiano (MDB)."
"Qual a área total de Cametá?","A área total é 3.081,367 km²."
"Qual a população de Cametá estimada em 2020?","A população era de 139.364 habitantes."
"Qual a densidade demográfica de Cametá?","A densidade é 45,2 hab./km²."
"Qual a altitude de Cametá?","A altitude é 10 m."
"Qual o fuso horário de Cametá?","Hora de Brasília (UTC−3)."
"Qual o CEP de Cametá?","O CEP é 68400-000."
"Qual o IDH (PNUD/2010) de Cametá?","O IDH é 0,577 (baixo)."
"Qual o PIB de Cametá em 2014 (IBGE)?","O PIB era R$ 841.983,51 mil."
"Qual o PIB per capita de Cametá em 2014 (IBGE)?","O PIB per capita era R$ 6.518,87."
"Qual religioso iniciou a evangelização dos índios camutás em 1617?","Frei Cristóvão de São José, dos Padres Capuchos."
"Quem foi o primeiro Capitão-mor da Capitania de Camutá?","Feliciano Coelho de Carvalho, nomeado em 1635."
"Qual era o nome do quilombo liderado por Felipa Maria Aranha na região de Cametá?","O quilombo do Mola."
"O que foi a Confederação do Itapocu?","Foi uma confederação formada por cinco quilombos na região de Cametá, Tucuruí e Baião, que empreendeu derrotas às forças portuguesas."
"Qual evento histórico levou à morte de nacionalistas no brigue Palhaço, acirrando os ânimos para a Cabanagem?","O incidente envolvendo o oficial inglês John Pascoe Grenfell em 1823."
"Qual a menor temperatura já registrada em Cametá pelo INMET?","16,4 °C (em três ocasiões em 1970)."
"Qual a maior temperatura já registrada em Cametá pelo INMET?","37,9 °C (em 5 de janeiro de 1979)."
"Qual o rio que corta a municipalidade de Cametá e é seu principal acidente geográfico?","O rio Tocantins."
"Qual a largura aproximada do Rio Tocantins na altura do porto de Cametá?","Cerca de 12 km."
"Qual o nome do aeroporto de Cametá?","Aeroporto de Cametá."
"Qual hospital regional atende Cametá e cidades vizinhas?","Hospital Regional de Cametá."
"Como é conhecida a principal manifestação cultural-religiosa de Cametá em junho?","A festividade do padroeiro municipal, São João Batista."
"Qual a coordenada geográfica de Breves?","As coordenadas são 1° 40′ 55″ S, 50° 28′ 48″ O."
"Quais municípios fazem limite com Breves?","Afuá, Anajás, São Sebastião da Boa Vista, Curralinho, Bagre, Melgaço e Gurupá."
"Qual a distância de Breves até a capital (Belém)?","A distância é 222 km."
"Qual a data de fundação atribuída a Breves no infobox?","19 de novembro de 1738."
"Qual a data de emancipação de Breves?","25 de outubro de 1851."
"Quem é o prefeito atual de Breves (mandato 2025-2028)?","José Antônio Azevedo Leão (MDB)."
"Qual a área total de Breves?","A área total é 9.550,454 km²."
"Qual a população de Breves segundo o Censo IBGE/2022?","A população era de 106.968 habitantes."
"Qual a densidade demográfica de Breves?","A densidade é 11,2 hab./km²."
"Qual o clima de Breves?","O clima é Equatorial (Af)."
"Qual a altitude de Breves?","A altitude é 40 m."
"Qual o fuso horário de Breves?","Hora de Brasília (UTC-3)."
"Qual o IDH (PNUD/2010) de Breves?","O IDH é 0,503 (baixo)."
"Qual o PIB de Breves em 2014 (IBGE)?","O PIB era R$ 613.983,17 mil."
"Qual o PIB per capita de Breves em 2014 (IBGE)?","O PIB per capita era R$ 6.306,90."
"Qual o nome antigo do lugar onde se instalou o engenho dos Breves?","Santana dos Breves (a partir de 1781)."
"Quais são os distritos que compõem o município de Breves além da sede?","Antônio Lemos, Curumu e São Miguel dos Macacos."
"Qual a menor temperatura já registrada em Breves pelo INMET?","15 °C (em 13 de dezembro de 1973 e 5 de janeiro de 1976)."
"Qual a maior temperatura já registrada em Breves pelo INMET?","38 °C (em 13 de novembro de 1975)."
"Cite um animal ameaçado de extinção encontrado na fauna de Breves.","Onça-pintada, onça-parda, jaguatirica, preguiça ou ariranha."
"Cite um animal importante na alimentação local encontrado na fauna de Breves.","Jacarés, paca, cutia, tatu, capivara, anta ou macacos."
"Qual rio em Breves é conhecido por sua grande profundidade?","O Rio Pracaxi."
"Onde está localizado o ""Casarão"" histórico em Breves?","Na comunidade de Cumaru, às margens do Rio Mapuá."
"Qual o nome da Igreja Matriz de Breves?","Igreja Matriz de Sant'Ana."
"Quando foi construído o prédio da BISA (Breves Industrial S.A.)?","Foi construído em 1925."
"Qual o nome popular antigo de Breves devido à indústria madeireira?","Celeiro Mundial da Madeira."
"Qual instituição de ensino superior pública tem campus em Breves?","Universidade Federal do Pará (UFPA)."
"Qual o nome do Hospital Regional localizado em Breves?","Hospital Regional do Marajó."
"Qual festival folclórico ocorre anualmente em Breves?","O Festival Brevense de Folclore."
"Qual o nome do Forrozão que ocorre anualmente em Breves?","Forrozão Marajoara."
"Qual político e cantor famoso nasceu em Breves?","Israel Novaes."
"Qual é a área total do estado do Pará?","A área total é 1.245.870,798 km²."
"Qual a população estimada do Pará em 2024?","A população estimada é 8.664.306 habitantes."
"Qual a densidade demográfica do Pará?","A densidade é 6,95 hab./km²."
"Qual o PIB total do Pará (2021)?","O PIB total foi 236.142 bilhões de reais."
"Qual o PIB per capita do Pará (2021)?","O PIB per capita foi R$ 29.953,43."
"Qual a expectativa de vida no Pará (2020)?","A expectativa de vida era de 73 anos."
"Qual a taxa de mortalidade infantil no Pará (2021)?","A taxa era de 14,7 por mil nascidos vivos."
"Qual a taxa de alfabetização no Pará (2022)?","A taxa era de 92,6%."
"Qual o IDH (2021) do Pará?","O IDH era 0,690 (médio)."
"Qual o código ISO 3166-2 para o Pará?","BR-PA."
"Qual navegador espanhol alcançou a foz do Amazonas em fevereiro de 1500?","Vicente Yañez Pinzón."
"Qual tratado definia que o vale amazônico pertencia à Coroa Espanhola inicialmente?","O Tratado de Tordesilhas (1494)."
"Qual o nome da companhia de comércio criada por Pombal para o Grão-Pará e Maranhão?","Companhia Geral de Comércio do Grão-Pará e Maranhão."
"Qual missionária foi assassinada em 2005 no Pará por defender os sem-terra?","Dorothy Stang."
"Quantos habitantes tem a Região Metropolitana de Belém?","Aproximadamente 2,5 milhões de habitantes."
"Quantos habitantes tem a Região Metropolitana de Santarém?","Aproximadamente 335 mil habitantes."
"Qual o principal produto mineral exportado pelo Pará?","Minério de ferro."
"Qual a posição do Pará na produção nacional de cobre?","O Pará produziu quase todo o cobre do Brasil em 2017 (980 mil de 1,28 milhão de toneladas)."
"Qual a posição do Pará na produção nacional de alumínio (bauxita)?","O Pará realiza quase toda a produção brasileira (34,5 de 36,7 milhões de toneladas em 2017)."
"Qual a posição do Pará na produção nacional de manganês?","O Pará realizou grande parte da produção brasileira (2,3 de 3,4 milhões de toneladas em 2017)."
"Qual a posição do Pará na produção nacional de níquel?","O Pará foi o 2º em produção em 2017 (90 mil toneladas)."
"Qual a cidade com o maior rebanho bovino do Brasil, localizada no Pará?","São Félix do Xingu."
"Qual cidade do Pará é a sexta maior do Brasil em número de cabeças de gado?","Marabá."
"Qual a principal instituição de pesquisa científica localizada em Belém?","O Museu Paraense Emílio Goeldi."
"Qual o nome do estádio olímpico do Pará?","Estádio Olímpico do Pará (Mangueirão)."
"Qual o nome da festa junina tradicional de Marabá?","Festejos Juninos Paraenses (com arraiais pela cidade)."
"Qual a fruta símbolo da culinária paraense, consumida em diversas formas?","O açaí."
"Qual manifestação cultural do Pará foi declarada Patrimônio Cultural Imaterial brasileiro em 2014?","O carimbó."
"Qual o feriado estadual do Pará e o que ele comemora?","Dia 15 de agosto, comemora a Adesão do Grão-Pará à independência do Brasil."

"Qual o nome do líder da expedição francesa que visitou a região de Bragança em 1613?","Daniel de La Touche."
"Em que contexto histórico a povoação de Vera Cruz (posteriormente Bragança) foi fundada em 1627?","No contexto da Capitania do Grão-Pará (1621-1820)."
"Qual o número da Lei Provincial que criou o município de Bragança em 1854?","Lei Provincial 252, de 02/10/1854."
"Qual característica arquitetônica europeia é mencionada nos casarões de Bragança?","Grandes janelas e revestimento em azulejos."
"Além de praias, que outros tipos de locais para banho são atrativos turísticos em Bragança?","Balneários e igarapés."
"Qual o nome do pai de Guilherme Schüch, Barão de Capanema?","Rochus Schüch, um austríaco."
"Onde Guilherme Schüch estudou engenharia?","Na Escola Politécnica de Viena."
"Além de nordestinos, que outro fator contribuiu para a migração para Capanema no século XX?","O declínio da indústria da borracha, forçando ex-seringueiros a buscar alternativas."
"Qual a afiliada da Rede Record em Capanema?","Record Capanema (canal 7 VHF)."
"Qual a afiliada do SBT em Capanema?","Sbt Capanema (canal 6 VHF)."
"Qual a afiliada da Band em Capanema?","TV Amazônia (cana 13 VHF)."
"Qual a afiliada da Rede Globo em Capanema?","TV Liberal Capanema (cana 24 UHF)."
"Em que data a Vila de Castanhal foi anexada ao patrimônio municipal de Belém?","Em 1 de novembro de 1905 (Lei nº 957)."
"Em que data o Decreto nº 565 incorporou Castanhal ao recém-criado município de Santa Izabel?","Em 30 de Dezembro de 1931."
"Cite três bairros de Castanhal mencionados no texto.","Betânia, Bom Jesus, Caiçara (ou Cariri, Milagre, Propira, Cenóbio, Centro, Cristo Redentor, Estrela, Fonte Boa, Heliolândia, Ianetama, Imperador, Jaderlândia, Jardim das Acácias, Nova Olinda, Novo Estrela, Oscar Reis, Pantanal, Portelinha, Pirapora, Rouxinol, Salles Jardim, Salgadinho, Santa Catarina, Santa Helena, Santa Lídia, São José, Saudade, Titanlândia ou Vila do Apeú)."
"O que foi inaugurado em Castanhal para as comemorações dos 50 anos da cidade em 1982?","O Monumento e a praça Cristo Redentor."
"Cite uma universidade privada com polo em Castanhal.","Universidade Estácio de Sá, Centro de Educação da Amazônia (CEAMA), Universidade Paulista (UNIP), Universidade Norte do Paraná (FAMAC/UNOPAR), Centro Universitário Internacional (UNINTER) ou Universidade da Amazônia (UNAMA)."
"Quanto tempo após a fundação de São Luís os franceses foram expulsos da região de Cametá?","A expulsão dos franceses de São Luís ocorreu dois anos após a chegada deles em Cametá, mas eles só deixaram a região de Cametá anos mais tarde."
"Quais famílias portuguesas descendentes de judeus sefarditas são mencionadas como importantes para o desenvolvimento de Cametá?","As famílias Albuquerque, Coelho e Carvalho."
"Quem realizou uma expedição exploratória partindo de Cametá em 1673?","Pedro Teixeira, com o padre Antônio Vieira."
"Qual o nome do governador cabano que Ângelo Corrêa iria substituir ao ir para Belém?","Antônio Vinagre."
"Qual o nome do quadro de Constantino Pedro Chaves da Motta pertencente ao acervo do Museu Histórico de Cametá?","""Cólera-morbo""."
"Segundo a tabela climática, qual o mês com maior média de precipitação em Cametá?","Março (422,2 mm)."
"Segundo a tabela climática, qual o mês com menor média de precipitação em Cametá?","Outubro (61,2 mm)."
"Cite três ilhas que compõem o Arquipélago de Cametá.","Ajaraí, Cação, Cacoal (ou Cuxipiarí, Cuxipiarí, Carmo, Itanduba, Juruateua, Mapeuá, Papateua, Patrimônio, Grande, Praticaia, Furtados, Mutuacá de Baixo, Mendaruçu de Cima, Pacuí, Juba, Marinteua, Turema, Tamanduá ou Joroca)."
"Quem concedeu a sesmaria aos irmãos Breves em 1738?","O capitão geral do Pará, João de Abreu Castelo Branco."
"Qual a Lei Provincial que elevou Breves à freguesia em 1850?","Lei provincial nº 172."
"Qual a Lei Estadual que concedeu foros de cidade à sede de Breves em 1909?","Lei estadual nº 1.122."
"Como se pode chegar a Breves a partir de Belém?","De barco (viagem de 12 horas partindo de diversos portos) ou avião (saindo do aeroporto Júlio César)."
"Qual a área em hectares da Reserva Extrativista Mapuá?","94.463 hectares."
"Qual hospital público em Breves é gerido por uma Organização Social (Instituto Nacional de Desenvolvimento Social e Humano)?","O Hospital Regional do Marajó."
"Quantos leitos possui o Hospital Regional do Marajó?","Possui 67 leitos."
"Quem criou o Bioparque Amazônia em Belém?","O médico Jorge Aarão Monteiro."
"Quem foi o dono do engenho de açúcar que construiu a Casa das Onze Janelas?","Domingos da Costa Bacelar."
"Qual o nome do moderno terminal fluvial da Estação das Docas?","Amazon River."
"O Museu das Onze Janelas em Belém é focado em que tipo de arte?","Artistas brasileiros do século XX."
"Qual praça em Belém é famosa por seu relógio inglês de 12 metros de altura?","A Praça do Relógio."
"Cite um ingrediente do Banho de Cheiro além de arruda e priprioca.","Cipó-catinga, patexuli, japana, cumaru, alecrim, baunilha, manjerona, açucena, casca preciosa, louro amarelo, jasmim ou alfazema."
"Qual o nome do clássico de futebol entre Remo e Paysandu?","Re-Pa."
"Desde quando o clássico Re-Pa é disputado?","Desde 10 de junho de 1914."
"Em que dia da semana ocorre a principal procissão do Círio de Nazaré?","No segundo domingo de outubro."
"Qual papa doou o altar folheado a ouro da Catedral da Sé de Belém?","Papa Pio XI."
"Qual o nome da igreja restaurada para abrigar o Museu de Arte Sacra do Pará?","Igreja de Santo Alexandre."
"Quantos participantes costuma ter o evento Supernorte em Belém?","45 mil participantes."
"Quantos participantes costuma ter a FITA-Feira Internacional de Turismo da Amazônia?","18 mil participantes."
"Qual o nome completo do estado do Amazonas, que faz limite com o Pará?","Amazonas (O)."
"Qual o nome do distrito surinamense que faz limite com o Pará?","Sipaliwini."
"Qual a população de Ananindeua mencionada no texto?","525,5 mil habitantes (em 2018)."
"Qual o nome da região inicial do Arquipélago do Marajó habitada por sociedades complexas?","Região Marinatambal."
"Como eram chamadas as estruturas elevadas onde os indígenas marajoaras construíam suas casas?","Teso."
"Em que ano a Província do Grão-Pará aderiu à Independência do Brasil?","Em 1823."
"Qual o custo ambiental do desenvolvimento do Pará a partir dos anos 1950?","Desmatamento e contaminação do meio ambiente."
"Qual o valor aproximado dos recursos destinados ao plebiscito de 2011 pela divisão do Pará?","R$ 10,4 milhões."
"Qual a porcentagem de votos nulos no plebiscito de 2011?","1,05%."
"Qual a porcentagem de votos em branco no plebiscito de 2011?","0,41%."
"Qual a porcentagem de abstenção no plebiscito de 2011?","25,71%."
"Qual o nome da serra onde nasce o Rio Guamá?","Serra dos Carajás."
"Qual o nome da serra onde nasce o Rio Trombetas?","Serra do Cachimbo."
"Qual o nome da serra onde nasce o Rio Parauapebas?","Serra dos Carajás."
"Qual a porcentagem da população de Belém com contribuição genética indígena (estudo de 2013)?","29,50%."
"Qual a porcentagem da população de Belém com contribuição genética africana (estudo de 2013)?","16,8%."
"Para qual colônia os primeiros imigrantes franceses no Pará se dirigiram?","Colônia de Benevides."
"Qual o nome popular que Belém recebeu devido à influência francesa no Ciclo da Borracha?","Paris n'América."
"Qual o município criado em 2012, desmembrado de Santarém?","Mojuí dos Campos."
"Quantos pedidos de emancipação de distritos existem atualmente no Pará?","51 pedidos."
"Qual o partido político com o maior número de filiados no Pará (outubro de 2016)?","Partido do Movimento Democrático Brasileiro (PMDB)."
"Qual o partido político com o segundo maior número de filiados no Pará (outubro de 2016)?","Partido dos Trabalhadores (PT)."
"Qual o partido político com o terceiro maior número de filiados no Pará (outubro de 2016)?","Partido da Social Democracia Brasileira (PSDB)."
"Qual o município paraense com o menor número de eleitores?","Bannach."
"Qual a participação do Pará no valor da produção mineral comercializada do Brasil (2018)?","48,26%."
"Qual a produção de mandioca do Pará em 2018?","3,8 milhões de toneladas."
"Qual a produção de abacaxi do Pará em 2018?","426 milhões de frutos."
"Qual a produção de cacau do Pará em 2019?","135 mil toneladas."
"Qual a produção de pimenta-do-reino do Pará em 2018?","34 mil toneladas."
"Qual a produção de coco do Pará em 2019?","191,8 milhões de frutos."
"Qual a produção de soja do Pará na safra 2019?","Perto de 1,8 milhão de toneladas."
"Quantas cabeças de gado o Pará possuía em 2018?","20,6 milhões de cabeças."
"Qual a produção de aço bruto da Sinobras em Marabá em 2018?","345 mil toneladas."
"Qual a porcentagem da indústria de Extração de Minerais Metálicos no PIB industrial do Pará (2017)?","46,9%."
"Qual a porcentagem da indústria de Serviços Industriais de Utilidade Pública (Energia e Água) no PIB industrial do Pará (2017)?","23,4%."
"Qual a porcentagem da indústria da Construção no PIB industrial do Pará (2017)?","14,8%."
"Quantos estabelecimentos hospitalares existiam no Pará em 2009?","2.742 estabelecimentos."
"Quantos leitos hospitalares existiam no Pará em 2009?","13.720 leitos."
"Qual a porcentagem da população paraense com acesso à rede de água em 2009?","47,03%."
"Qual a porcentagem da população paraense com acesso à rede de esgoto sanitário em 2009?","57,8%."
"Qual a taxa de médicos por 10 mil habitantes no Pará em 2005?","7,1 médicos."
"Qual o município paraense com a pior avaliação educacional (IDEB) nos anos iniciais do fundamental em 2011?","Santa Maria das Barreiras."
"Qual o município paraense com a pior avaliação educacional (IDEB) nos anos finais do fundamental em 2011?","Afuá."
"Qual o nome da secretaria estadual responsável pela Ciência e Tecnologia no Pará?","Secretaria de Ciência, Tecnologia e Educação Técnica e Tecnológica (SECTET)."
"Qual o nome do programa estadual de apoio à inovação tecnológica no Pará?","Programa de Apoio à Inovação Tecnológica no Estado do Pará (PAIT-PA)."
"Qual o nome do centro de referência em inovação tecnológica do Pará?","Centro de Referência em Inovação Tecnológica do Pará (Critec)."
"Qual o nome do programa estadual de bolsas de iniciação científica e tecnológica?","Programa de Bolsas de Iniciação Científica e Tecnológica (PBIC-PA)."
"Qual ferrovia pertence à VALE e transporta bauxita no Pará?","Estrada de Ferro Trombetas."
"Qual ferrovia pertence à Alcoa e opera junto à mina de Juruti?","Estrada de Ferro Juruti."
"Qual ferrovia opera no transporte de celulose e bauxita ligada ao Projeto Jari?","Estrada de Ferro Jari."
"Cite um aeroporto no Pará além dos de Belém, Santarém, Marabá, Altamira, Itaituba e Carajás.","Aeroporto de Araguaia, Monte Dourado, Ourilândia do Norte, Porto Trombetas, Redenção, Santana do Araguaia, São Félix do Xingu ou Tucuruí."
"Qual a capacidade instalada da Usina Hidrelétrica de Tucuruí?","8.370 MW."
"Qual a capacidade instalada da Usina Hidrelétrica de Belo Monte?","11.000 MW."
"Qual a capacidade instalada da Usina Hidrelétrica Teles Pires (parte no Pará)?","1.820 MW."
"Qual a capacidade instalada da Usina Hidrelétrica São Manoel (parte no Pará)?","700 MW."
"Qual a capacidade instalada da Usina Hidrelétrica de Curuá-Una?","30 MW."
"Qual o nome do dialeto falado no nordeste paraense, diferente do da região sul?","Amazofonia."
"Cite um mestre do carimbó tradicional (pau e corda) além de Damasceno.","Mestre Lucindo ou Mestre Verequete."
"Cite um músico que ajudou a popularizar o carimbó estilizado nas décadas de 1960/70.","Mestre Cupijó ou Pinduca."
"Em que ano foi instituído o Dia Municipal do Carimbó (em homenagem a Verequete)?","Em 2004."

